text,tweet_id,relevancia,emocion,ironia,sentimento,annotator,annotation_id,created_at,updated_at,lead_time
"#VotoPor #RodolfoHernandez hombre sabio, sagaz y visionario que transformará el país en potencia mundial, del atraso a ejemplo de desarrollo y crecimiento económico  #RodolfoPresidente  A los haters les digo, #RodolfoPresidente y si van a decir algo con argumentos no inventos",1529572795633414144,Si,Si,No,Confianza,,,2023-02-13T17:30:12.410561Z,2023-02-13T17:30:12.410565Z,15.455
#FedericoEsColombia este 29 de Mayo salgamos todos a votar por la democracia y la libertad de colombia unidos por nuestro país #FedericoImparable #FedericoEsColombia #FicoPresidente2022,1528415123450343432,Si,,No,Confianza,,,2023-02-13T17:29:55.343683Z,2023-02-13T17:29:55.343687Z,8.296
"Por un cambio, por la esperanza de un mejor país, por la vida de líderes jóvenes y líderes sociales, #MiVotoEsPetroYFrancia",1528473443271835653,Si,Si,No,Confianza,,,2023-02-13T17:29:45.662196Z,2023-02-13T17:29:45.662201Z,8.673
Por que Colombia necesita cambio #MiVotoEsPetroYFrancia,1528584113933934593,Si,Si,No,Confianza,,,2023-02-13T17:29:35.686595Z,2023-02-13T17:29:35.686599Z,6.088
"#LeApuestoA las instituciones. Nunca he creído en el mesianismo. #LeApuestoA al debate y pensamiento crítico para construir en la diferencia, sin mojigatería, ni límites absurdos sobre el deber ser.",1529097150923214849,Si,Si,No,Otra,,,2023-02-13T17:29:28.092173Z,2023-02-13T17:29:28.092179Z,42.215
"#ElMejorCandidatoEs el que le apuesta por la paz, la justicia social y un gobierno para todos.",1529768426037821443,Si,Si,No,Confianza,,,2023-02-13T17:28:44.570057Z,2023-02-13T17:28:44.570062Z,7.822
#UnTramposoEs el que inventa aplazar las elecciones para incendiar el País El pánico en la campaña del @PactoHistorico y @petrogustavo  es evidente Cortinas de humo pues #PetroNuncaSeráPresidente,1528688067267149824,Si,Si,No,Desagrado,,,2023-02-13T17:28:35.187003Z,2023-02-13T17:28:35.187007Z,27.646
"@darcyquinnr #UnTramposoEs el que se vale de su posición como ""periodista"" para servir como lavaperros, terminan haciendo cochinadas con los socios del esposo mientras lo de ”periodista"" ni siquiera lo había terminado. Bandidos finalmente.",1528687395423629312,Si,Si,No,"{""choices"": [""Ira"", ""Asco""]}",,,2023-02-13T17:28:06.258110Z,2023-02-13T17:28:06.258114Z,51.733
#FedericoEsColombia corrupta y llena de clanes,1528545198409662468,Si,Si,No,Desagrado,,,2023-02-13T17:27:11.528595Z,2023-02-13T17:27:11.528600Z,7.011
"#FedericoEsColombia pero no será presidente, el país se mamo de estos falsos profetas paisas disfrazados de buena gente que tuvieron la oportunidad de dejar huella pero que solo han dejando desolación, hambre, pobreza y sangre por donde caminan",1528701830447960064,Si,Si,No,"{""choices"": [""Ira"", ""Asco""]}",,,2023-02-13T17:27:03.240171Z,2023-02-13T17:27:03.240174Z,33.326
#ElDebateDefinitivo fico es aguevado...creia que petro iba a caer en la trampa. Es obvio que tiene que extraditar jajajaj,1528908094675333124,Si,Si,Si,,,,2023-02-13T17:26:28.712453Z,2023-02-13T17:26:28.712457Z,11.637
"#MeInquieta ver como en Colombia solo se recuerdan los campesinos en las regiones apartadas, cuando sucede algo que genera morbo violencia o tristeza.",1528679668345360385,Si,Si,No,Tristeza,,,2023-02-13T17:26:15.825893Z,2023-02-13T17:26:15.825896Z,346.521
"#ElDebateDefinitivo le falta a Federico Gutiérrez decir que ""vamos a vivir sabroso"" y ya se termina de robar todo el discurso de Petro.  Consejo. Si alguien se le roba la idea al otro. No vayan por el que se roba la idea, vayan por el que es el original.",1528921475553669128,Si,Si,No,Desagrado,,,2023-02-13T17:20:27.879974Z,2023-02-13T17:20:27.879978Z,21.088
"Fajardo tiene la misma propuesta de petro en pensiones, y ni el mismo lo sabe. Petro se lo tuvo que explicar. #ElDebateDefinitivo",1528936500745973760,Si,Si,No,Desagrado,,,2023-02-13T17:20:05.193016Z,2023-02-13T17:20:05.193020Z,10.308
La Silicon Valley Latinoamericana aún no tiene software para las votaciones. #AColombiaLePreocupa,1529070396087185409,Si,Si,No,Decepción,,,2023-02-13T17:19:53.422988Z,2023-02-13T17:19:53.422993Z,6.745
"#AColombiaLePreocupa el abandono de las regiones! Fortalecer la seguridad alimentaria, salud, educación, vivienda, vías decentes el fortalecimiento del agro en su conjunto!",1529089553923026946,Si,Si,No,Otra,,,2023-02-13T17:19:45.397359Z,2023-02-13T17:19:45.397366Z,51.571
#AColombiaLePreocupa que después de una pandemia salimos llenos de rencor,1529096515356176385,Si,Si,No,Decepción,,,2023-02-13T17:18:52.313555Z,2023-02-13T17:18:52.313558Z,8.045
"@RollingStoneCol @FranciaMarquezM Que va,  es la candidata  de Las Farc ,  del Eln.  Comunismo puro .   #FedericoEsColombia",1528401859635040256,Si,Si,No,Asco,,,2023-02-13T17:18:42.863131Z,2023-02-13T17:18:42.863136Z,15.668
#UnTramposoEs quien con noticias falsas se queire tomar el poder @darcyquinnr,1528695959907180547,Si,Si,,"{""choices"": [""Desagrado"", ""Miedo""]}",,,2023-02-13T17:18:25.880080Z,2023-02-13T17:18:25.880084Z,18.99
#MeInquieta que @AndresPastrana_ esté generando miedo e inquietud y... posible violencia el día de elecciones si no queda el candidato que cada uno quiere. Y @FiscaliaCol @PoliciaColombia @PGN_COL no dicen nada.  Estos últimos son corresponsables de lo que pueda pasar el donimgo,1528704766028697601,Si,Si,No,Miedo,,,2023-02-13T17:18:05.675643Z,2023-02-13T17:18:05.675648Z,12.389
"#ElDebateDefinitivo mi voto es por @FicoGutierrez. Jamás votaré por el que intento asesinar a mi padre, un guerrillero que sólo quiere el poder para perpetuarse. Ciegos los que piensan que @petrogustavo es el mesías.",1528898629708169217,Si,Si,No,"{""choices"": [""Asco"", ""Miedo""]}",,,2023-02-13T17:17:51.879017Z,2023-02-13T17:17:51.879022Z,32.157
#AColombiaLePreocupa la propuesta de pensiones de Petro. Ayer en #ElDebateDefinitivo quedó nuevamente confirmado que si piensa usar la ahorros de millones para gastárselo en sus promesas de campaña.,1529119564503691264,Si,Si,No,Miedo,,,2023-02-13T17:17:18.384598Z,2023-02-13T17:17:18.384603Z,23.759
"#YaEsSuficiente ya es suficiente de @petrogustavo , espero que perdiendo estas elecciones nos deje en paz a los colombianos con su proyecto fracasado comunista. Ya mk ya por favor 🙏🏻",1529466881609957378,Si,Si,No,Desagrado,,,2023-02-13T17:16:53.316278Z,2023-02-13T17:16:53.316282Z,24.722
"Los únicos que deben de tener miedo a un cambio de Gustavo Petro son los corruptos, narcotraFICO, paramilitares y los vividores del estado que perderán sus privilegios!! #MiVotoEsPetroYFrancia",1528497422695030786,Si,Si,No,"{""choices"": [""Ira"", ""Asco""]}",,,2023-02-13T17:16:27.211041Z,2023-02-13T17:16:27.211045Z,12.663
Ya no quieroas de los mismo #MiVotoEsPetroYFrancia,1528557117858357249,Si,Si,No,Desagrado,,,2023-02-13T17:16:13.086795Z,2023-02-13T17:16:13.086800Z,17.932
#ElDebateDefinitivo  ¿Ya están diciendo que el cafre Petro los peinó a todos?,1528903851981553666,Si,Si,No,Desagrado,,,2023-02-13T17:15:53.927918Z,2023-02-13T17:15:53.927921Z,910.174
Es claro quien es el presidente y quienes van a quedar rabones ! Petro los peinó tranquilo !  #ElDebateDefinitivo,1529144849441644545,Si,Si,No,Agrado,,,2023-02-13T17:00:42.398454Z,2023-02-13T17:00:42.398459Z,12.639
Ya convencí  a 10 personas #ConvenceUnoMásPorPetro,1529573334907768832,Si,No,,,,,2023-02-13T17:00:28.539501Z,2023-02-13T17:00:28.539505Z,4.377
#FicoElGanador y con el gana Colombia.,1529850058417618946,Si,No,,,,,2023-02-13T17:00:22.935636Z,2023-02-13T17:00:22.935640Z,4.211
#EsMuyImportante que los medios de comunicación no desinformen y fomenten el miedo en la sociedad,1539613306297671681,Si,Si,No,Desagrado,,,2023-02-13T17:00:17.100007Z,2023-02-13T17:00:17.100011Z,15.872
"Ahora que #PetroEsPresidente #NuestraPrioridadEs hacerle seguimiento. Apoyarlo con lo bueno, reprocharle lo malo. Marchar cuando sea necesario y así... Será difícil, pero no imposible.   Pero con responsabilidad, no con odio.",1539264520631242753,Si,Si,No,Confianza,,,2023-02-13T16:59:59.667741Z,2023-02-13T16:59:59.667745Z,13.44
"El odio y el resentimiento, hoy están más que nunca encarnados en Maria Fernanda Cabal. Pobrecita esa mujer. #PetroEsPresidente",1539334416929067011,Si,Si,No,Tristeza,,,2023-02-13T16:59:44.611579Z,2023-02-13T16:59:44.611583Z,15.286
@yescuder #PetroEsPresidente | Le recuerdo que para esta segunda vuelta salió a votar las tribus e indígenas más excluidos en nuestro país.  Indígenas total en nuestro país registrado: 1'905.617 de personas  También le recuerdo  Sigue el Hilo 🧵,1538918509450764290,Si,Si,No,Sorpresa,,,2023-02-13T16:59:28.027303Z,2023-02-13T16:59:28.027308Z,21.854
¿Cuándo un presidente nos había dicho que nos quiere mucho? Y es cierto 🥺. #PetroEsPresidente.,1538916021280681984,Si,Si,No,Alegria,,,2023-02-13T16:59:04.683543Z,2023-02-13T16:59:04.683547Z,7.927
#PetroEsPresidente Boletín 250 y Polo Polo aún no llega al Congreso.  #FelizLunes Chao Marbelle.,1538869877137674242,Si,Si,Si,,,,2023-02-13T16:58:55.392603Z,2023-02-13T16:58:55.392607Z,42.908
Cómo se dice fantasma en colombiano? Espetro  #PetroEsPresidente,1538856594103865345,Si,Si,Si,,,,2023-02-13T16:58:11.037441Z,2023-02-13T16:58:11.037445Z,22.971
Gracias Fecode esto no se habría hecho sin ustedes que llevan muchos años adoctrinando a los niños para ser de izquierda radical! #PetroEsPresidente,1538846127243534336,Si,Si,Si,,,,2023-02-13T16:57:46.749491Z,2023-02-13T16:57:46.749496Z,11.927
Soy el único que no sabe que hacer cuando se gana? #PetroEsPresidente,1538696072872206337,Si,Si,No,Incertidumbre,,,2023-02-13T16:57:33.598303Z,2023-02-13T16:57:33.598309Z,10.262
"¡LLEGO LA HORA DE VIVIR SABROSO, CARAJO! #PetroPresidente #VivirSabroso ❤️❤️❤️",1538655871353372673,Si,Si,No,Alegria,,,2023-02-13T16:57:22.106986Z,2023-02-13T16:57:22.106990Z,12.794
JAJAJJAJAJA Que divertido se puso twitter y los burgueses ardidos.  #PetroPresidente #EleccionesColombia2022,1538652860887482369,Si,Si,Si,,,,2023-02-13T16:57:07.985562Z,2023-02-13T16:57:07.985566Z,6.451
"Tengo la ansiedad al 100, estoy temblando 😣 #EleccionesColombia2022",1538557759268048896,Si,Si,No,Incertidumbre,,,2023-02-13T16:57:00.307045Z,2023-02-13T16:57:00.307049Z,6.03
"La verdad no pensé que viviría para ver el inicio del cambio...gracias por todo colombianos conscientes y pensantes, los amo 😭😭😭 #PetroEsPresidente",1538667002583306245,Si,Si,No,Alegria,,,2023-02-13T16:56:53.003036Z,2023-02-13T16:56:53.003040Z,10.379
"𝗨𝗥𝗚𝗘𝗡𝗧𝗘. 𝗢𝗝𝗢, 𝗨𝗥𝗚𝗘𝗡𝗧𝗘  Gente, hay indicios muy serios, muy serios, de fraude, TODOS activos, la democracia se respeta.  Trine con el ht: #registraduriaresponda.  Por favor, use el ht: #registraduriaresponda .  Rt al tui. Cortesia @Noti_Space  URGENTE.",1538207705919266819,Si,Si,No,Miedo,,,2023-02-13T16:56:41.262805Z,2023-02-13T16:56:41.262808Z,25.105
"Obligan a trabajadores de la registraduria a poner a Rodolfo como ganador en los grupos de chats departamental, Colombia un país gobernado por el narcoparaco. Iliyarismo #RegistraduriaResponda",1538036012089212928,Si,Si,No,Ira,,,2023-02-13T16:56:14.912524Z,2023-02-13T16:56:14.912528Z,42.177
"Entre el #ExGuerrilleroOIngeniero yo, Natalia, me quedo con el ingeniero ¿y usted?   (Copia y pega con tu nombre)",1538235365953265666,Si,No,,,,,2023-02-13T16:55:31.572120Z,2023-02-13T16:55:31.572133Z,11.49
"Si en colombia la revista semana les quiere imponer un "" ingeniero"" solo recuerden como uno acabó con el Perú y comando un golpe de estado #ExguerrilleroOIngeniero #RegistraduríaResponda #PetroPresidenteEnsegunda",1538231462339698688,Si,Si,No,"{""choices"": [""Desagrado"", ""Miedo""]}",,,2023-02-13T16:55:18.823810Z,2023-02-13T16:55:18.823813Z,24.345
"Manifestaron emoción y agradecieron por esta acción pedagógica, pues les ayuda a decidir  Vamos a ganar con Francia y Petro, x eso necesitamos la mayor cantidad de votos posible #FranciaVicepresidenta #RodolfoCobarde #PetroPresidenteEnsegunda #YoVotoPor #PetroYFranciaSonElCambio",1537880823092760576,Si,Si,No,Agrado,,,2023-02-13T16:54:52.502312Z,2023-02-13T16:54:52.502316Z,46.765
Luego de oír la entrevista con Petro y ver que el Ingeniero le importó cinco participar; he tomado la decisión de cambiar mi voto y voy con Petro.#EsteDomingo,1537795043725127683,Si,Si,No,"{""choices"": [""Decepción"", ""Desagrado""]}",,,2023-02-13T16:54:04.409603Z,2023-02-13T16:54:04.409607Z,18.451
"Petro se quedó sin voz de tanta plaza pública, Rodolfo se quedó sin voz de tanto cantar “pepas y agua pa la seca, todo el mundo en pastillas pa la discoteca”.   Son datos y hay que darlos.   #estedomingo #YoVotoPor #petrosky",1537788369052352512,Si,Si,No,Asco,,,2023-02-13T16:53:44.636712Z,2023-02-13T16:53:44.636716Z,438.874
#RodolfoCobarde A VER COLOMBIANOS? LES QUEDA ALGUNA DUDA DE QUE ESTE RODOLFO NO ESTÁ EN CAPACIDAD DE NADA?  SE LE ACEPTARON TODAS SUS ESTÚPIDAS EXIGENCIAS Y NI ASÍ? NO TIENE PRESENTACIÓN QUE ALGUIEN SEA CAPAZ DE VOTAR POR SEMEJANTE COSA !!!,1537599926762356736,Si,Si,No,Asco,,,2023-02-13T16:46:24.465440Z,2023-02-13T16:46:24.465444Z,19.405
"#RHGanador podrá ser muy guapito para los madrazos, los insultos,cachetadas, amenazas, meter miedo a empleados, poner a los pobres a pagar intereses de por vida y limpiarse elculo con la ley. Pero para confrontar a sus adversarios en el marco de las propuestas es #RodolfoCobarde",1537922449903235073,Si,Si,No,Ira,,,2023-02-13T16:46:03.600365Z,2023-02-13T16:46:03.600368Z,28.633
"@petrogustavo Pero si vos con tu grupo de bandidos incendiaste el palacio de justicia, quemaste vivos a los jueces y magistrados. De que me hablas viejo??? #RHGanador",1537883656898764800,Si,Si,No,"{""choices"": [""Ira"", ""Asco""]}",,,2023-02-13T16:45:33.606836Z,2023-02-13T16:45:33.606840Z,124.234
"#NosHaceFalta que @JuanPabloCalvas  en su programa ""Sigue la W"", haga un programa sobre los lideres sociales asesinados en los últimos 4 años. Hace dos días se emitió un programa analizando un caso, pero faltan muchos mas.",1537413012411273218,Si,Si,No,Otra,,,2023-02-13T16:43:27.991181Z,2023-02-13T16:43:27.991185Z,35.866
"Democracia por tutela.  La particularidad del sistema democrático colombiano, sin la tutela a la ciudadanía no se le cumple ningún derecho. Hasta para un #debate presidencial toca por tutela.",1537452279246336000,Si,Si,No,"{""choices"": [""Decepción"", ""Desagrado""]}",,,2023-02-13T16:42:50.781028Z,2023-02-13T16:42:50.781032Z,31.484
"@MirandaBogota #IrrespetuosoEs cobrar el sueldo de senador y no ir ni a un debate en los últimos meses. Eso es, literalmente, robar.  No nos roben más.",1537444287431839751,Si,Si,No,"{""choices"": [""Ira"", ""Asco""]}",,,2023-02-13T16:42:17.867598Z,2023-02-13T16:42:17.867602Z,14.757
"#EstallidoSocialEs el deber ser de un pueblo, que jamás volverá a tragar entero. Sumisos nunca más.",1536936329778544643,Si,Si,No,Otra,,,2023-02-13T16:42:01.670515Z,2023-02-13T16:42:01.670520Z,49.149
"@GustavoBolivar No es así, más de medio país piensa votar por el verdadero cambio #PresidentePetro #FranciaVicepresidenta",1536869969891401730,Si,Si,No,Confianza,,,2023-02-13T16:41:10.994953Z,2023-02-13T16:41:10.994957Z,15.184
"#LoCorrectoEs que las personas que contestan línea de servicio al cliente del @ICFEScol atendieran de manera efectiva y respetuosa a los usuarios. La atención de (Valentina) fue nefasta, se inventan cualquier cosa para colgar la línea y no solucionar @MonicaOspinaL @Mineducacion",1537089084128206851,No,,,,,,2023-02-13T16:40:54.441602Z,2023-02-13T16:40:54.441606Z,1824.849
@VickyDavilaH #YoBloqueoASemana Es un pasquín es un Bodrio al servicio de los clanes políticos asesinos y incluidos en toda la corrupción de Colombia Ejemplo como taparon pruebas por la Coca del embajador,1537023495842021376,Si,Si,No,"{""choices"": [""Ira"", ""Asco""]}",,,2023-02-13T16:10:28.198154Z,2023-02-13T16:10:28.198158Z,16.898
#DebateObligadoEs Si Petro fuera el que no quisiera asistir a debates el uribestiario estaría aplaudiendo la decisión del tribunal perooo como el que no quiere ir es el candidato del uribismo están de solidarios los malparidos.,1537044816550412288,Si,Si,No,Ira,,,2023-02-13T16:10:09.881619Z,2023-02-13T16:10:09.881625Z,4.39
#DebateObligadoEs lo mínimo que debe existir para confrontar las propuestas de los candidatos. Aunque en este caso sirve para que el viejito ponga la cara y #PetroPresidente2022 peine al RH,1537037210553401344,Si,Si,No,Agrado,,,2023-02-13T16:01:17.859651Z,2023-02-13T16:01:17.859654Z,42.129
"#NoMeDejaDormir el saber que le espera a Colombia con el estallido social que va a patrocinar el pacto histórico, si llega a ganar Rodolfo Hernandez la presidencia.",1536696174077480960,Si,Si,No,Miedo,,,2023-02-13T16:00:34.399786Z,2023-02-13T16:00:34.399789Z,13.616
Entonces los 'periodistas' pierden credibilidad por desinformar y los hijueputas somos los que nos dimos cuenta de sus sesgos ...???  Ah ... Ya ...  #YoBloqueoASemana,1536841895997063169,Si,Si,No,Desagrado,,,2023-02-13T16:00:19.555276Z,2023-02-13T16:00:19.555280Z,77.986
"Nos ofrece droga gratis ¡que demócrata!. Nos ofrece educación gratis, ¡este señor va a imponer el comunismo!. #NosFalta mucho para salir del subdesarrollo y si elegimos como siempre, faltará muchos más.",1536379561268899840,Si,Si,No,Decepción,,,2023-02-13T15:58:59.991139Z,2023-02-13T15:58:59.991144Z,23.672
"@RevistaSemana ¡No me dejo ofender por unos videos! me ofendo por los 8 mill de desplazados, por los 6.402 falsos positivos, por los 22 mill de pobres, por 70 billones robados, por la continuidad de un gobierno saqueador y genocida alejado de pueblo. #SoyPetroSoyPaz",1535971277881626624,Si,Si,No,Ira,,,2023-02-13T15:58:35.023721Z,2023-02-13T15:58:35.023724Z,29.6
@RoyBarreras @petrogustavo Se tiene q retirar xq quedó en descubierto lo sucios y maquiavélicos q son incluyendo a Petro q de experiencia es un Hampón! Tienen q pagar legalmente x corruptos dan asco!#PetrismoSucio #PetrismoTramposo #PetroEsUnPeligro #PactoDeBandidos,1535682415217233920,Si,Si,,"{""choices"": [""Ira"", ""Asco""]}",,,2023-02-13T15:58:04.198010Z,2023-02-13T15:58:04.198014Z,569.923
@chirivica26 @navarrowolff Ahh y q hace a Petro el demócrata del siglo? Todo bien por las bodegas del #PetrismoSucio  ? Estan como asustados q no escriben bien,1535442087390371840,Si,Si,,Desagrado,,,2023-02-13T15:48:33.128430Z,2023-02-13T15:48:33.128434Z,23.34
"#CampañaSuciaEs De algo estoy seguro. Político que este aliado a @petrogustavo que vea que es lo q hace, porque lo mete preso. él no come de alianzas. Que lo mete preso, lo mete! Ese es mi Gato, cazador de ratas. #PetroYFranciaSonElCambio",1535265200374415360,Si,Si,No,Admiración,,,2023-02-13T15:48:08.519491Z,2023-02-13T15:48:08.519497Z,21.206
"Petrista de corazón que tú inteligencia sea la que tome la decisión, vota inteligente frente al #PetrismoSucio",1535365000117858305,Si,No,No,,,,2023-02-13T15:47:46.042741Z,2023-02-13T15:47:46.042744Z,22.153
@ANIABELLO_R #CampanaSuciaEs lo que hace el #PactoDeBandidos y fue tan cochina que tiene a más de uno convencido como corderos al matadero  #PetrismoSucio,1535262455135408128,Si,Si,No,"{""choices"": [""Ira"", ""Asco""]}",,,2023-02-13T15:47:22.529606Z,2023-02-13T15:47:22.529612Z,42.183
"#hablamaldecolombia Un Presidente que va con su sonrisa de idiora va a decir ante el mundo que Colombia es un paraíso , y la verdad es  otra; muerte a lideres , narcotráfico , corrupción.que descaro........",1535220468889919489,Si,Si,No,"{""choices"": [""Ira"", ""Desagrado""]}",,,2023-02-13T15:46:38.681611Z,2023-02-13T15:46:38.681615Z,26.512
#ColombiaEspera que vaina q salio de vacaciones reporte coronel pata q la w hable la verdad del pacto histórico,1534873142254092288,No,,,,,,2023-02-13T15:46:10.778604Z,2023-02-13T15:46:10.778610Z,39.775
"#LosPetroVideosSon La política saca de las personas lo peor que tienen, en política  una muestra de lo que un individuo puede hacer contra otro #TodoVale   #ColombiaEspera de los candidatos, el mejor sin marrullas!",1534869839726125060,Si,Si,No,Decepción,,,2023-02-13T15:45:29.322534Z,2023-02-13T15:45:29.322537Z,26.483
"#LosPetroVideosSon una clara muestra de que en Colombia se puede ser machista, xenófobo, aprovechado y hasta corrupto pero no se puede ser estratega político, impresionante",1534920598622769152,Si,Si,No,"{""choices"": [""Decepción"", ""Asco""]}",,,2023-02-13T15:45:01.430953Z,2023-02-13T15:45:01.430957Z,39.358
"#LosPetroVideosSon señor Luis Carlos Velez, la fiebre no está en las sabanas, el delincuente no es el que la filtró, los delincuentes son todos",1534871735966875654,Si,Si,No,"{""choices"": [""Ira"", ""Desagrado""]}",,,2023-02-13T15:44:20.543360Z,2023-02-13T15:44:20.543364Z,23.42
"#NoQuiero que el miedo invada nuevamente a los colombianos. #NoQuiero más comentarios de visionarios incautos, que nos digan que si hacemos esto, pasará aquello.",1534478790121988097,Si,Si,No,Incertidumbre,,,2023-02-13T15:43:55.719327Z,2023-02-13T15:43:55.719332Z,26.28
"#UnaBurlaEs: Intentar infructuosamente comunicarse con ""Líneas de soporte"" del @ICFEScol 🥵  No responden correos electrónicos, en línea telefónica los asesores no tienen ni idea de cómo responder requerimientos del usuario. No saben y cuelgan ☎️ | #UnaVerdadEs ⭕ @Mineducacion",1534515241589039109,No,,,,,,2023-02-13T15:43:27.862433Z,2023-02-13T15:43:27.862439Z,8.857
"#UnaVerdadEs que cuando tomamos una opción, muchas veces nos sentimos obligados a sostenerla frente a otros, nos volvemos esclavos de ella, y terminamos contradiciendo nuestros propios principios, nuestra inteligencia y nuestra decencia.",1534171666028412931,No,,,,,,2023-02-13T15:43:17.447631Z,2023-02-13T15:43:17.447635Z,25.877
@jarizabaletaf @YOIkhouvanjou ESTAMOS ANTE UNA AMENAZA INMINENTE. 🫴🏼#LaCorrupcionPetrista  SALVEMOS A COLOMBIA DE CAER EN LAS GARRAS DE “LA BESTIA COMUNISTA”🫴🏼@petrogustavo  EL ÚNICO CAMINO PARA ANULAR  LAS MACABRAS AMBICIONES DE PETRO ES A TRAVÉS DEL 🗳 POR EL @ingrodolfohdez.  #VotarEnBlancoEsVotarPetro,1533617089637978113,Si,Si,No,Miedo,,,2023-02-13T15:42:50.109293Z,2023-02-13T15:42:50.109297Z,13.337
"@darcyquinnr #VotarEnBlancoEs ahora la única opción que le queda a Petro para contener la gigantesca ola #AntiPetrista que desperto en el país. Pero ya no caemos, yo voto #RodolfoPresidente2022",1533771436149587968,Si,Si,No,Desagrado,,,2023-02-13T15:42:35.527746Z,2023-02-13T15:42:35.527750Z,17.075
"@AABenedetti #LaCorrupcionPetrista los Jóvenes quieren un cambio. No quieren más a politiqueros metiendo sus garras en la plata de los impuestos de los colombianos. A Benedetti, a Roy, a Ernesto Samper, al santismo... hay que derrotarlo. Ud no es el cambio.",1533517924979310594,Si,Si,No,"{""choices"": [""Ira"", ""Desagrado""]}",,,2023-02-13T15:42:16.929701Z,2023-02-13T15:42:16.929705Z,30.271
@DanielSamperO Lo que te gusta a vos. Votar en blanco. Que alivio que esta vez no afecta al país. #YoPactoConPetro,1533077570425704452,Si,Si,No,Desagrado,,,2023-02-13T15:41:45.353532Z,2023-02-13T15:41:45.353535Z,207.035
"#PetroElCambioSeguro Vamos que vamos, los hundimos en primera ,en segunda los exterminamos",1532823983112048647,Si,Si,No,"{""choices"": [""Alegria"", ""Confianza""]}",,,2023-02-13T15:38:16.695832Z,2023-02-13T15:38:16.695835Z,30.005
Mucho se habla de #FraudeElectoral pero el tema está en no dejarse confundir y estudiar los programas y mirar dónde está la posible solución a la mayoría o algunos problemas sociales. SU CONCIENCIA DECIDE,1532389060072951809,Si,Si,No,Confianza,,,2023-02-13T15:37:45.211146Z,2023-02-13T15:37:45.211150Z,22.258
#ColombiaNecesita más honestidad y coherencia. Menos egos en los líderes políticos. Y sobre todo más educación que despierte la conciencia.,1532463961643294721,Si,Si,No,Decepción,,,2023-02-13T15:37:21.456415Z,2023-02-13T15:37:21.456420Z,96.643
#ColombiaNecesita saber que el ingeniero Rodolfo resultó ser mas falso y mentiroso que una película pornografica,1532391794171957253,Si,Si,No,"{""choices"": [""Decepción"", ""Desagrado""]}",,,2023-02-13T15:35:42.920646Z,2023-02-13T15:35:42.920650Z,36.704
"@BluRadioCo Ajá como en argentina, chile y peru. Ni que decir de Venezuela, Nicaragua y cuba también eligieron vivir sabroso 🥶 #RodolfoPresidente2022",1531995875471503360,Si,Si,Si,,,,2023-02-13T15:35:04.765259Z,2023-02-13T15:35:04.765264Z,224.064
"#ElVerdaderoCambioEs sin Uribe y sin Petro, ese es Rodolfo Hernandez lo que la mayoría decidió, en Colombia cabemos todos.",1531965621776392202,Si,Si,No,Confianza,,,2023-02-13T15:31:19.109857Z,2023-02-13T15:31:19.109861Z,34.489
#MiCandidatoEs Cualquiera que no sea un tipo como @petrogustavo  que sería una debacle para nuestro pais!,1531616944939466755,Si,Si,No,"{""choices"": [""Desagrado"", ""Miedo""]}",,,2023-02-13T15:30:43.207092Z,2023-02-13T15:30:43.207099Z,12.595
Espero que todos y todas estemos de acuerdo con que era muchísimo mejor tener en #SegundaVuelta a Fajardo y no a Rodolfo o Fico. Linda noche 😊,1531093498413387776,Si,Si,Si,,,,2023-02-13T15:30:29.090054Z,2023-02-13T15:30:29.090058Z,24.411
"Fico anuncia unirse con Rodolfo Hernandez. Más cantada esa jugada, los del Uribismo no son idiotas… QUE LIBRETEADA #ColombiaDecide #ColombiaVota2022 #ColombiaElige  #ColombiaVota",1531062168824815616,Si,Si,No,Desagrado,,,2023-02-13T15:30:03.048011Z,2023-02-13T15:30:03.048016Z,5.107
"Un viejito grosero, irrespetuoso, machista, que le puede meter la mano a cualquiera y que hace amenazas de muerte con que le va a pegar un tiro a este hptaaaaa. Simplemente el Ingeniero Rodolfo Hernandez #ColombiaDecide",1531049180659056640,Si,Si,No,"{""choices"": [""Asco"", ""Miedo""]}",,,2023-02-13T03:14:53.395805Z,2023-02-13T03:14:53.395808Z,52.421
Una vez más invito a la gente que salgan a votar a conciencia en esta jornada electoral y demuestren como siempre que la participación ciudadana se puede cambiar el país. #EleccionesColombia #ColombiaDecide,1530953982578987011,Si,Si,No,Confianza,,,2023-02-13T03:13:59.656522Z,2023-02-13T03:13:59.656525Z,63.445
"#ColombiaConPetro Hoy los nadies, nos levantamos y vamos por #elcambioenprimera",1531014967956484096,Si,Si,No,Confianza,,,2023-02-13T03:12:54.795949Z,2023-02-13T03:12:54.795952Z,525.063
"El cambio en primera! Por la esperanza, porque quiero vivir bueno. #ColombiaConPetro",1530998884310327296,Si,Si,Si,"{""choices"": [""Alegria"", ""Confianza""]}",,,2023-02-13T03:04:07.653490Z,2023-02-13T03:04:07.653493Z,11.991
"Por que sea posible tener abrigo en la niñez, sueños en la juventud y seguridad en la vejez #VotoPorFicoYLara",1530944866020212737,Si,Si,No,Confianza,,,2023-02-13T03:03:52.253949Z,2023-02-13T03:03:52.253952Z,13.948
"#YoVotoPorPetroPresidente por el derecho a la educación superior de mi hija que esta a dos años de terminar el colegio, por ella y por toda la juventud. #ElCambioEnPrimera",1530735542723297282,Si,Si,No,Confianza,,,2023-02-13T03:03:36.142559Z,2023-02-13T03:03:36.142562Z,20.563
"@marcelamvz Por la vida,por la paz 6402  vidas y contando el legado de la juventud será borrar el legado de la guerra la muerte y de los corruptos #PetroYFranciaSonElCambio #PetroPresidente2022",1530882646162784260,Si,Si,No,Asco,,,2023-02-11T03:59:14.503942Z,2023-02-11T03:59:14.503945Z,63.924
#PetroPresidenteEnPrimera ya es hora de que @AlvaroUribeVel sea condenado y se haga justicia con todas sus víctimas.,1530757405897854977,Si,Si,No,"{""choices"": [""Ira"", ""Asco""]}",,,2023-02-11T03:58:04.628952Z,2023-02-11T03:58:04.628955Z,384.304
"@franciscome @petrogustavo Hasta donde llega la cizaña, no  pasarán, el cambio es AHORA en primera!!! #PetroPresidenteEnPrimera",1530712365938917377,Si,Si,Si,Confianza,,,2023-02-11T03:51:36.825818Z,2023-02-11T03:51:36.825821Z,150.22
"Llevados del HP, ganó otra vez la ignorancia, ganó otra vez la desinformación, ganó el egoísmo de porque yo estoy bien. Colombia no aprende ni en cabeza propia #EleccionesColombia #Elecciones2022",1531041079931314176,Si,Si,No,"{""choices"": [""Ira"", ""Decepción""]}",,,2023-02-11T03:49:04.937026Z,2023-02-11T03:49:04.937029Z,64.687
"A votar, que al uribismo hay que derrotar. #Elecciones2022",1530916977752977408,Si,No,,,,,2023-02-11T03:47:58.195339Z,2023-02-11T03:47:58.195342Z,1032.967
@rcnradio No tuvimos a @FicoGutierrez que era nuestra esperanza de Progreso pero Lo único que sé es que mi voto en segunda vuelta es por cualquier menos Petro #CualquieraMenosPetro,1531055194787745797,Si,Si,No,"{""choices"": [""Miedo"", ""Odio""]}",,,2023-02-11T03:30:43.499778Z,2023-02-11T03:30:43.499781Z,31.952
@petrogustavo y sus electores tiene un desafío muy grande si quieren ganarle a Rodolfo y es obtener votos de los abstencionistas (suponiendo que la registraduría hace bien su trabajo) #EleccionesColombia,1531053046473576449,Si,Si,No,Incertidumbre,,,2023-02-11T03:30:09.916808Z,2023-02-11T03:30:09.916811Z,84.543
"¿Que se acabó el uribismo? Para nada, Rodolfo era el plan B si Fico no funcionaba.   #EleccionesColombia",1531037563632373760,Si,Si,No,Desagrado,,,2023-02-11T03:28:42.975246Z,2023-02-11T03:28:42.975249Z,599.877
Veo con emoción que muchos de mis amigos reportan masiva asistencia a las urnas. Colombia sí está cambiando. El pueblo despertó. ✊🏻 #Elecciones2022 #EleccionesColombia,1530971942110609408,Si,Si,No,"{""choices"": [""Asombro"", ""Alegria""]}",,,2023-02-11T03:18:41.362304Z,2023-02-11T03:18:41.362307Z,267.004
"Había dicho en días anteriores que mi voto sería por #RodolfoHernandez pero vi cositas que no me gustaron. Así que decidí no votar así mi voto pudiese ayudar en algo, se que seguiremos comiendo las misma mierda pero con otro sabor gane quien gane. #EleccionesColombia",1530934778714890240,Si,Si,No,"{""choices"": [""Decepción"", ""Desagrado""]}",,,2023-02-11T03:14:12.674080Z,2023-02-11T03:14:12.674083Z,21.892
"@RevistaSemana Todo un grupo de estudio para criminalistas estilo Law and Order. A mi como no me gusta el crimen, prefiero votar por lo honesto y los valores #VoyConFederico #FicoPresidente2022",1530540016388263937,Si,Si,Si,,,,2023-02-11T03:13:49.489438Z,2023-02-11T03:13:49.489441Z,755.638
"@ironicolombia No me pareció así.Fue un debate serio y ordenado, con buenas preguntas q permitió ver fortalezas y debilidades d los 3 candidatos. Me gustó el #DebateFinal Buena herramienta para definir el voto con responsabilidad. Ya sabemos quien tiene mas talante y transparencia para gobernar",1530422275836678145,Si,Si,No,Agrado,,,2023-02-11T03:01:11.920396Z,2023-02-11T03:01:11.920399Z,265.421
"Fajardo hasta en su mensaje final incluye a Petro, y esté lo borra sutilmente diciendo en el suyo: ""Aqui hay dos opciones en realidad"" jajajaja águila no caza mosca pa' ¡TE AMO @petrogustavo y quiero que seas mi PRESIDENTE! #DebateFinal",1530379381658591232,Si,Si,No,Alegria,,,2023-02-11T02:56:44.714669Z,2023-02-11T02:56:44.714672Z,26.081
#YoVotoPetroPresidente Mi voto para Petro es irrevocable.,1530379488806182914,Si,Si,No,Confianza,,,2023-02-11T02:56:16.950139Z,2023-02-11T02:56:16.950142Z,13.354
"#ASegundaPasan la decencia y la coherencia en la política. Pasan @sergio_fajardo y @LuisGMurillo y serán elegidos en la Presidencia en la elección de junio. #EsElMomentoDe que Colombia cambie, en especial su forma de hacer política.",1530202797647568896,Si,Si,No,Confianza,,,2023-02-11T02:56:01.893395Z,2023-02-11T02:56:01.893399Z,21.553
Bueno. Mañana se va a dejar de hablar de política y nos vamos a enfocar en la final de la champions.  #ElDomingoVoyA muy temprano asistir a las urnas pa sacar a la banda de la oficina de envigado del palacio de Nariño.  #PetroEs #EsElMomentoDe,1530309493107613696,Si,Si,No,Ira,,,2023-02-11T02:55:38.621000Z,2023-02-11T02:55:38.621003Z,50.139
#ElDebateDecisivo Federico Gutiérrez sin celular y sin tablet no es nada.,1529804925303136257,Si,Si,No,Desagrado,,,2023-02-11T02:54:46.730858Z,2023-02-11T02:54:46.730861Z,21.586
"Sin duda petro es el mejor, los demás solo copian y repiten las propuestas del verdadero y único candidato con conocimiento real del pías. #ElMejorCandidatoEs",1529845625767993344,Si,Si,No,"{""choices"": [""Admiración"", ""Confianza""]}",,,2023-02-11T02:54:23.428545Z,2023-02-11T02:54:23.428548Z,17.271
"Como lo hizo en Medellín, lo hará por Colombia 🇨🇴. @FicoGutierrez llegará a todas las regiones donde sea alterado el orden público. no permitirá que se perturbe la tranquilidad de la gente con paros armados. ¡Allá estará con la fuerza del Estado!  #FicoElGanador #ElDebateDecisivo",1529807125106642947,Si,Si,No,Confianza,,,2023-02-11T02:54:04.768373Z,2023-02-11T02:54:04.768376Z,18.807
"#YaEsSuficiente buscar la solución a los problemas río abajo. La solución está rio arriba porque las decisiones de poner a ésos ineptos en cargos tan importantes son el problema, como el registrador nacional!",1529422833151008770,Si,Si,No,"{""choices"": [""Ira"", ""Desagrado""]}",,,2023-02-11T02:53:44.778516Z,2023-02-11T02:53:44.778519Z,33.407
"¿#UnTramposoEs quien le da money a nuestros héroes de la patria, o sea, a la Policía Nacional, para que juntos nos hagamos la vida más easy? Eso no es soborno; eso es una propina, obviously.",1529135336839860224,Si,Si,Si,,,,2023-02-11T02:53:09.844873Z,2023-02-11T02:53:09.844876Z,25.628
"#AColombiaLePreocupa la corrupción enquistada en el poder durante décadas, que solo dejo pobreza y miseria, y a unos cuantos con los bolsillos llenos. #PetroPresidenteEnPrimeraVuelta",1529112495922765824,Si,Si,No,"{""choices"": [""Ira"", ""Decepción""]}",,,2023-02-11T02:52:42.864411Z,2023-02-11T02:52:42.864415Z,34.955
La verdad yo si quisiera saber que le hizo @AlvaroUribeVel a @petrogustavo que no lo suelta para nada. Todo el #ElDebateDefinitivo se la paso uribe uribe uribe y nada mas. Ojalá me respondiera,1528956465632903168,Si,Si,No,"{""choices"": [""Decepción"", ""Sorpresa""]}",,,2023-02-11T02:52:06.628165Z,2023-02-11T02:52:06.628168Z,113.618
@erizodemar Creo que este hombre tiene potencial para el 2026 #ElDebateDefinitivo no esperaba menos de @erizodemar,1528928531698286592,Si,No,No,,,,2023-02-11T02:50:11.658270Z,2023-02-11T02:50:11.658274Z,69.932
"#ElDebateDefinitivo definitivamente GUSTAVO PETRO le lleva años luz a fico y a fajardo en preparación y conocimiento del país, deja claro Gustavo en este debate que de los tres es el mejor candidato.  #PetroGanaDebate #PetroPresidente #PetroPresidenteEnPrimeraVuelta",1528925661343232000,Si,Si,No,"{""choices"": [""Admiración"", ""Confianza""]}",,,2023-02-11T02:49:00.169721Z,2023-02-11T02:49:00.169724Z,186.82
"Estoy esperando la pregunta que le hará @petrogustavo a @FicoGutierrez, le quiero ver esa cara de ignorancia que pone!   #ElDebateDefinitivo  #PetroGanaDebate",1528915435508449280,Si,Si,No,Desagrado,,,2023-02-11T02:45:52.312926Z,2023-02-11T02:45:52.312929Z,75.737
"“El Clan del Golfo está ligado a la oficina y uno de los integrantes de esa oficina ha formado parte de su equipo""  @petrogustavo a @FicoGutierrez en #ElDebateDefinitivo   Fico negando su relación con Gustavo Villegas y la oficina de Envigado.",1528906351245672449,Si,No,No,,,,2023-02-11T02:44:34.559278Z,2023-02-11T02:44:34.559281Z,90.804
"""Llegó el momento de que las nadies y los nadies nos pongamos de pie"". 🫶🏻🇨🇴💜 @FranciaMarquezM   #MiVotoEsPetroYFrancia",1528523541108379649,Si,Si,No,Alegria,,,2023-02-11T02:42:59.386697Z,2023-02-11T02:42:59.386699Z,59.003
"Solo un candidato representa los valores democráticos, piensa en el futuro y el bien del país, es sensato, coherente, respetuoso, se conecta con la gente, y la gente lo aprecia, quiere y respalda ❤️ #FedericoEsColombia #FedericoEsColombia #FedericoEsColombia 🇨🇴🇨🇴🇨🇴🇨🇴🇨🇴❤️",1528382202467258368,Si,Si,No,Confianza,,,2023-02-11T02:41:56.038843Z,2023-02-11T02:41:56.038846Z,46.688
